UserID,UserName,UserEmail,UserRole,UserPassword
1,John Smith,john.smith@example.com,Business Analyst,john123
2,Jane Doe,jane.doe@example.com,Tier 3 Technician,jane123
3,Michael Brown,michael.brown@example.com,Product Owner,mike123
4,Emily Davis,emily.davis@example.com,Project Manager,emily123
5,Daniel Clark,daniel.clark@example.com,Outreach,daniel123
6,Susan Lee,susan.lee@example.com,Developer,susan123
7,Tom Green,tom.green@example.com,Business Analyst,tom123
8,Alice Walker,alice.walker@example.com,Tier 3 Technician,alice123
9,Robert Harris,robert.harris@example.com,Product Owner,robert123
10,Mary White,mary.white@example.com,Project Manager,mary123
11,Steven King,steven.king@example.com,Outreach,steven123
12,Linda Young,linda.young@example.com,Developer,linda123
13,David Hall,david.hall@example.com,Business Analyst,david123
14,Lisa Scott,lisa.scott@example.com,Tier 3 Technician,lisa123
15,James Allen,james.allen@example.com,Product Owner,james123
16,Patricia Adams,patricia.adams@example.com,Project Manager,patricia123
17,Charles Nelson,charles.nelson@example.com,Outreach,charles123
18,Karen Carter,karen.carter@example.com,Developer,karen123
19,Daniel Mitchell,daniel.mitchell@example.com,Business Analyst,daniel123
20,Jennifer Perez,jennifer.perez@example.com,Tier 3 Technician,jennifer123
21,Matthew Rodriguez,matthew.rodriguez@example.com,Product Owner,matthew123
22,Rebecca Green,rebecca.green@example.com,Project Manager,rebecca123
23,Chris Harris,chris.harris@example.com,Outreach,chris123
24,Kathleen Moore,kathleen.moore@example.com,Developer,kathleen123
25,Michael Lewis,michael.lewis@example.com,Business Analyst,michael123
26,Andrew Walker,andrew.walker@example.com,Tier 3 Technician,andrew123
27,Jack Martin,jack.martin@example.com,Product Owner,jack123
28,Laura Lee,laura.lee@example.com,Project Manager,laura123
29,Kevin Thompson,kevin.thompson@example.com,Outreach,kevin123
30,Betty King,betty.king@example.com,Developer,betty123
31,Richard White,richard.white@example.com,Business Analyst,richard123
32,Nancy Harris,nancy.harris@example.com,Tier 3 Technician,nancy123
33,George Adams,george.adams@example.com,Product Owner,george123
34,Deborah Robinson,deborah.robinson@example.com,Project Manager,deborah123
35,Jacob Martinez,jacob.martinez@example.com,Outreach,jacob123
36,Melissa Allen,melissa.allen@example.com,Developer,melissa123
37,William Carter,william.carter@example.com,Business Analyst,william123
38,Elizabeth Hill,elizabeth.hill@example.com,Tier 3 Technician,elizabeth123
39,Gregory Mitchell,gregory.mitchell@example.com,Product Owner,gregory123
40,Sharon Gonzalez,sharon.gonzalez@example.com,Project Manager,sharon123
41,Frank Young,frank.young@example.com,Outreach,frank123
42,Katherine Lewis,katherine.lewis@example.com,Developer,katherine123
43,John Campbell,john.campbell@example.com,Business Analyst,john_camp123
44,Rebecca White,rebecca.white@example.com,Tier 3 Technician,rebecca_w123
45,Mark Davis,mark.davis@example.com,Product Owner,mark123
46,Anna Wilson,anna.wilson@example.com,Project Manager,anna123
47,Peter Thomas,peter.thomas@example.com,Outreach,peter123
48,David Martinez,david.martinez@example.com,Developer,david_m123
49,Susan Walker,susan.walker@example.com,Business Analyst,susan_walker123
50,Thomas Green,thomas.green@example.com,Tier 3 Technician,thomas_g123
